START TRANSACTION;
-- 
-- Database: `fbi_active_shooters`
-- 
USE `fbi_active_shooters`;


-- ------------------------------------------------


-- 
-- Data Source Files
-- 
INSERT INTO DATASOURCEFILE (Id, Name)
VALUES
    ('2000-2018',    'active-shooter-incidents-2000-2018.pdf'),
    ('2019',         'active-shooter-incidents-in-the-us-2019.pdf'),
    ('2000-2019',    'active-shooter-incidents-20-year-review-2000-2019-060121.pdf'),
    ('2020',         'active-shooter-incidents-in-the-us-2020-070121.pdf'),
    ('2021',         'active-shooter-incidents-in-the-united-states-2021-052422.pdf'),
    ('2022',         'active-shooter-incidents-in-the-us-2022-042623.pdf'),
    ('2023',         '2023-active-shooter-report-062124.pdf');


-- ------------------------------------------------


-- 
-- States
-- 
INSERT INTO STATELOOKUP (Name)
VALUES
    ('Alabama'),
    ('Alaska'),
    ('Arizona'),
    ('Arkansas'),
    ('California'),
    ('Colorado'),
    ('Connecticut'),
    ('Delaware'),
    ('District of Columbia'),
    ('Florida'),
    ('Georgia'),
    ('Hawaii'),
    ('Idaho'),
    ('Illinois'),
    ('Indiana'),
    ('Iowa'),
    ('Kansas'),
    ('Kentucky'),
    ('Louisiana'),
    ('Maine'),
    ('Maryland'),
    ('Massachusetts'),
    ('Michigan'),
    ('Minnesota'),
    ('Mississippi'),
    ('Missouri'),
    ('Montana'),
    ('Nebraska'),
    ('Nevada'),
    ('New Hampshire'),
    ('New Jersey'),
    ('New Mexico'),
    ('New York'),
    ('North Carolina'),
    ('North Dakota'),
    ('Ohio'),
    ('Oklahoma'),
    ('Oregon'),
    ('Pennsylvania'),
    ('Rhode Island'),
    ('South Carolina'),
    ('South Dakota'),
    ('Tennessee'),
    ('Texas'),
    ('Utah'),
    ('Vermont'),
    ('Virginia'),
    ('Washington'),
    ('West Virginia'),
    ('Wisconsin'),
    ('Wyoming');


-- ------------------------------------------------


-- 
-- 1999 - 2003
-- 
INSERT INTO POPULATION (Year, StateName, Population)
VALUES
	('1999','Alabama','4430141'),
	('1999','Alaska','624779'),
	('1999','Arizona','5023823'),
	('1999','Arkansas','2651860'),
	('1999','California','33499204'),
	('1999','Colorado','4226018'),
	('1999','Connecticut','3386401'),
	('1999','Delaware','774990'),
	('1999','District of Columbia','570213'),
	('1999','Florida','15759421'),
	('1999','Georgia','8045965'),
	('1999','Hawaii','1210300'),
	('1999','Idaho','1275674'),
	('1999','Illinois','12359020'),
	('1999','Indiana','6044969'),
	('1999','Iowa','2917634'),
	('1999','Kansas','2678338'),
	('1999','Kentucky','4018053'),
	('1999','Louisiana','4460811'),
	('1999','Maine','1266808'),
	('1999','Maryland','5254509'),
	('1999','Massachusetts','6317345'),
	('1999','Michigan','9897116'),
	('1999','Minnesota','4873481'),
	('1999','Mississippi','2828408'),
	('1999','Missouri','5561948'),
	('1999','Montana','897507'),
	('1999','Nebraska','1704764'),
	('1999','Nevada','1934718'),
	('1999','New Hampshire','1222014'),
	('1999','New Jersey','8359592'),
	('1999','New Mexico','1808082'),
	('1999','New York','18882725'),
	('1999','North Carolina','7949361'),
	('1999','North Dakota','644259'),
	('1999','Ohio','11335454'),
	('1999','Oklahoma','3437147'),
	('1999','Oregon','3393941'),
	('1999','Pennsylvania','12263805'),
	('1999','Rhode Island','1040402'),
	('1999','South Carolina','3974682'),
	('1999','South Dakota','750412'),
	('1999','Tennessee','5638706'),
	('1999','Texas','20558220'),
	('1999','Utah','2203482'),
	('1999','Vermont','604683'),
	('1999','Virginia','7000174'),
	('1999','Washington','5842564'),
	('1999','West Virginia','1811799'),
	('1999','Wisconsin','5332666'),
	('1999','Wyoming','491780'),
	('2000','Alabama','4447100'),
	('2000','Alaska','626932'),
	('2000','Arizona','5130632'),
	('2000','Arkansas','2673400'),
	('2000','California','33871648'),
	('2000','Colorado','4301261'),
	('2000','Connecticut','3405565'),
	('2000','Delaware','783600'),
	('2000','District of Columbia','572059'),
	('2000','Florida','15982378'),
	('2000','Georgia','8186453'),
	('2000','Hawaii','1211537'),
	('2000','Idaho','1293953'),
	('2000','Illinois','12419293'),
	('2000','Indiana','6080485'),
	('2000','Iowa','2926324'),
	('2000','Kansas','2688418'),
	('2000','Kentucky','4041769'),
	('2000','Louisiana','4468976'),
	('2000','Maine','1274923'),
	('2000','Maryland','5296486'),
	('2000','Massachusetts','6349097'),
	('2000','Michigan','9938444'),
	('2000','Minnesota','4919479'),
	('2000','Mississippi','2844658'),
	('2000','Missouri','5595211'),
	('2000','Montana','902195'),
	('2000','Nebraska','1711263'),
	('2000','Nevada','1998257'),
	('2000','New Hampshire','1235786'),
	('2000','New Jersey','8414350'),
	('2000','New Mexico','1819046'),
	('2000','New York','18976457'),
	('2000','North Carolina','8049313'),
	('2000','North Dakota','642200'),
	('2000','Ohio','11353140'),
	('2000','Oklahoma','3450654'),
	('2000','Oregon','3421399'),
	('2000','Pennsylvania','12281054'),
	('2000','Rhode Island','1048319'),
	('2000','South Carolina','4012012'),
	('2000','South Dakota','754844'),
	('2000','Tennessee','5689283'),
	('2000','Texas','20851820'),
	('2000','Utah','2233169'),
	('2000','Vermont','608827'),
	('2000','Virginia','7078515'),
	('2000','Washington','5894121'),
	('2000','West Virginia','1808344'),
	('2000','Wisconsin','5363675'),
	('2000','Wyoming','493782'),
	('2001','Alabama','4467634'),
	('2001','Alaska','633714'),
	('2001','Arizona','5273477'),
	('2001','Arkansas','2691571'),
	('2001','California','34479458'),
	('2001','Colorado','4425687'),
	('2001','Connecticut','3432835'),
	('2001','Delaware','795699'),
	('2001','District of Columbia','574504'),
	('2001','Florida','16356966'),
	('2001','Georgia','8377038'),
	('2001','Hawaii','1225948'),
	('2001','Idaho','1319962'),
	('2001','Illinois','12488445'),
	('2001','Indiana','6127760'),
	('2001','Iowa','2931997'),
	('2001','Kansas','2702162'),
	('2001','Kentucky','4068132'),
	('2001','Louisiana','4477875'),
	('2001','Maine','1285692'),
	('2001','Maryland','5374691'),
	('2001','Massachusetts','6397634'),
	('2001','Michigan','9991120'),
	('2001','Minnesota','4982796'),
	('2001','Mississippi','2852994'),
	('2001','Missouri','5641142'),
	('2001','Montana','906961'),
	('2001','Nebraska','1719836'),
	('2001','Nevada','2098399'),
	('2001','New Hampshire','1255517'),
	('2001','New Jersey','8492671'),
	('2001','New Mexico','1831690'),
	('2001','New York','19082838'),
	('2001','North Carolina','8210122'),
	('2001','North Dakota','639062'),
	('2001','Ohio','11387404'),
	('2001','Oklahoma','3467100'),
	('2001','Oregon','3467937'),
	('2001','Pennsylvania','12298970'),
	('2001','Rhode Island','1057142'),
	('2001','South Carolina','4064995'),
	('2001','South Dakota','757972'),
	('2001','Tennessee','5750789'),
	('2001','Texas','21319622'),
	('2001','Utah','2283715'),
	('2001','Vermont','612223'),
	('2001','Virginia','7198362'),
	('2001','Washington','5985722'),
	('2001','West Virginia','1801481'),
	('2001','Wisconsin','5406835'),
	('2001','Wyoming','494657'),
	('2002','Alabama','4480089'),
	('2002','Alaska','642337'),
	('2002','Arizona','5396255'),
	('2002','Arkansas','2705927'),
	('2002','California','34871843'),
	('2002','Colorado','4490406'),
	('2002','Connecticut','3458749'),
	('2002','Delaware','806169'),
	('2002','District of Columbia','573158'),
	('2002','Florida','16689370'),
	('2002','Georgia','8508256'),
	('2002','Hawaii','1239613'),
	('2002','Idaho','1340372'),
	('2002','Illinois','12525556'),
	('2002','Indiana','6155967'),
	('2002','Iowa','2934234'),
	('2002','Kansas','2713535'),
	('2002','Kentucky','4089875'),
	('2002','Louisiana','4497267'),
	('2002','Maine','1295960'),
	('2002','Maryland','5440389'),
	('2002','Massachusetts','6417206'),
	('2002','Michigan','10015710'),
	('2002','Minnesota','5018935'),
	('2002','Mississippi','2858681'),
	('2002','Missouri','5674825'),
	('2002','Montana','911667'),
	('2002','Nebraska','1728292'),
	('2002','Nevada','2173791'),
	('2002','New Hampshire','1269089'),
	('2002','New Jersey','8552643'),
	('2002','New Mexico','1855309'),
	('2002','New York','19137800'),
	('2002','North Carolina','8326201'),
	('2002','North Dakota','638168'),
	('2002','Ohio','11407889'),
	('2002','Oklahoma','3489080'),
	('2002','Oregon','3513424'),
	('2002','Pennsylvania','12331031'),
	('2002','Rhode Island','1065995'),
	('2002','South Carolina','4107795'),
	('2002','South Dakota','760020'),
	('2002','Tennessee','5795918'),
	('2002','Texas','21690325'),
	('2002','Utah','2324815'),
	('2002','Vermont','615442'),
	('2002','Virginia','7286873'),
	('2002','Washington','6052349'),
	('2002','West Virginia','1805414'),
	('2002','Wisconsin','5445162'),
	('2002','Wyoming','500017'),
	('2003','Alabama','4503491'),
	('2003','Alaska','648414'),
	('2003','Arizona','5510364'),
	('2003','Arkansas','2724816'),
	('2003','California','35253159'),
	('2003','Colorado','4528732'),
	('2003','Connecticut','3484336'),
	('2003','Delaware','818003'),
	('2003','District of Columbia','568502'),
	('2003','Florida','17004085'),
	('2003','Georgia','8622793'),
	('2003','Hawaii','1251154'),
	('2003','Idaho','1363380'),
	('2003','Illinois','12556006'),
	('2003','Indiana','6196638'),
	('2003','Iowa','2941999'),
	('2003','Kansas','2723004'),
	('2003','Kentucky','4117170'),
	('2003','Louisiana','4521042'),
	('2003','Maine','1306513'),
	('2003','Maryland','5496269'),
	('2003','Massachusetts','6422565'),
	('2003','Michigan','10041152'),
	('2003','Minnesota','5053572'),
	('2003','Mississippi','2868312'),
	('2003','Missouri','5709403'),
	('2003','Montana','919630'),
	('2003','Nebraska','1738643'),
	('2003','Nevada','2248850'),
	('2003','New Hampshire','1279840'),
	('2003','New Jersey','8601402'),
	('2003','New Mexico','1877574'),
	('2003','New York','19175939'),
	('2003','North Carolina','8422501'),
	('2003','North Dakota','638817'),
	('2003','Ohio','11434788'),
	('2003','Oklahoma','3504892'),
	('2003','Oregon','3547376'),
	('2003','Pennsylvania','12374658'),
	('2003','Rhode Island','1071342'),
	('2003','South Carolina','4150297'),
	('2003','South Dakota','763729'),
	('2003','Tennessee','5847812'),
	('2003','Texas','22030931'),
	('2003','Utah','2360137'),
	('2003','Vermont','617858'),
	('2003','Virginia','7366977'),
	('2003','Washington','6104115'),
	('2003','West Virginia','1812295'),
	('2003','Wisconsin','5479203'),
	('2003','Wyoming','503453');


-- 
-- 2004 - 2030
-- 
INSERT INTO POPULATION (Year, StateName, Population)
VALUES
	('2004','Alabama','4513207'),
	('2004','Alaska','655349'),
	('2004','Arizona','5723060'),
	('2004','Arkansas','2756801'),
	('2004','California','35627966'),
	('2004','Colorado','4574908'),
	('2004','Connecticut','3485593'),
	('2004','Delaware','826804'),
	('2004','District of Columbia','555363'),
	('2004','Florida','17182574'),
	('2004','Georgia','8791776'),
	('2004','Hawaii','1261599'),
	('2004','Idaho','1385861'),
	('2004','Illinois','12650414'),
	('2004','Indiana','6219190'),
	('2004','Iowa','2964689'),
	('2004','Kansas','2740172'),
	('2004','Kentucky','4140973'),
	('2004','Louisiana','4516622'),
	('2004','Maine','1310421'),
	('2004','Maryland','5539487'),
	('2004','Massachusetts','6488615'),
	('2004','Michigan','10158867'),
	('2004','Minnesota','5126608'),
	('2004','Mississippi','2903196'),
	('2004','Missouri','5733240'),
	('2004','Montana','925739'),
	('2004','Nebraska','1738973'),
	('2004','Nevada','2287735'),
	('2004','New Hampshire','1300732'),
	('2004','New Jersey','8684081'),
	('2004','New Mexico','1884402'),
	('2004','New York','19206895'),
	('2004','North Carolina','8575978'),
	('2004','North Dakota','635067'),
	('2004','Ohio','11453779'),
	('2004','Oklahoma','3507229'),
	('2004','Oregon','3560595'),
	('2004','Pennsylvania','12391530'),
	('2004','Rhode Island','1079675'),
	('2004','South Carolina','4196813'),
	('2004','South Dakota','768663'),
	('2004','Tennessee','5912726'),
	('2004','Texas','22402761'),
	('2004','Utah','2383663'),
	('2004','Vermont','626673'),
	('2004','Virginia','7460774'),
	('2004','Washington','6144988'),
	('2004','West Virginia','1814736'),
	('2004','Wisconsin','5518758'),
	('2004','Wyoming','504251'),
	('2005','Alabama','4527166'),
	('2005','Alaska','661110'),
	('2005','Arizona','5868004'),
	('2005','Arkansas','2777007'),
	('2005','California','36038859'),
	('2005','Colorado','4617962'),
	('2005','Connecticut','3503185'),
	('2005','Delaware','836687'),
	('2005','District of Columbia','551136'),
	('2005','Florida','17509827'),
	('2005','Georgia','8925796'),
	('2005','Hawaii','1276552'),
	('2005','Idaho','1407060'),
	('2005','Illinois','12699336'),
	('2005','Indiana','6249617'),
	('2005','Iowa','2973700'),
	('2005','Kansas','2751509'),
	('2005','Kentucky','4163360'),
	('2005','Louisiana','4534310'),
	('2005','Maine','1318557'),
	('2005','Maryland','5600563'),
	('2005','Massachusetts','6518868'),
	('2005','Michigan','10207421'),
	('2005','Minnesota','5174743'),
	('2005','Mississippi','2915696'),
	('2005','Missouri','5765166'),
	('2005','Montana','933005'),
	('2005','Nebraska','1744370'),
	('2005','Nevada','2352086'),
	('2005','New Hampshire','1314821'),
	('2005','New Jersey','8745279'),
	('2005','New Mexico','1902057'),
	('2005','New York','19258082'),
	('2005','North Carolina','8702410'),
	('2005','North Dakota','635468'),
	('2005','Ohio','11477557'),
	('2005','Oklahoma','3521379'),
	('2005','Oregon','3596083'),
	('2005','Pennsylvania','12426603'),
	('2005','Rhode Island','1086575'),
	('2005','South Carolina','4239310'),
	('2005','South Dakota','771803'),
	('2005','Tennessee','5965317'),
	('2005','Texas','22775044'),
	('2005','Utah','2417998'),
	('2005','Vermont','630979'),
	('2005','Virginia','7552581'),
	('2005','Washington','6204632'),
	('2005','West Virginia','1818887'),
	('2005','Wisconsin','5554343'),
	('2005','Wyoming','507268'),
	('2006','Alabama','4541263'),
	('2006','Alaska','667147'),
	('2006','Arizona','6016116'),
	('2006','Arkansas','2797096'),
	('2006','California','36449380'),
	('2006','Colorado','4661034'),
	('2006','Connecticut','3519930'),
	('2006','Delaware','846484'),
	('2006','District of Columbia','546944'),
	('2006','Florida','17844630'),
	('2006','Georgia','9059743'),
	('2006','Hawaii','1290984'),
	('2006','Idaho','1428666'),
	('2006','Illinois','12746931'),
	('2006','Indiana','6279646'),
	('2006','Iowa','2982331'),
	('2006','Kansas','2762802'),
	('2006','Kentucky','4185243'),
	('2006','Louisiana','4551538'),
	('2006','Maine','1326648'),
	('2006','Maryland','5661630'),
	('2006','Massachusetts','6547882'),
	('2006','Michigan','10254919'),
	('2006','Minnesota','5223471'),
	('2006','Mississippi','2927857'),
	('2006','Missouri','5797176'),
	('2006','Montana','940249'),
	('2006','Nebraska','1749744'),
	('2006','Nevada','2417645'),
	('2006','New Hampshire','1328967'),
	('2006','New Jersey','8804453'),
	('2006','New Mexico','1919133'),
	('2006','New York','19304791'),
	('2006','North Carolina','8829902'),
	('2006','North Dakota','635879'),
	('2006','Ohio','11500385'),
	('2006','Oklahoma','3535634'),
	('2006','Oregon','3632890'),
	('2006','Pennsylvania','12460844'),
	('2006','Rhode Island','1093191'),
	('2006','South Carolina','4281597'),
	('2006','South Dakota','774953'),
	('2006','Tennessee','6018238'),
	('2006','Texas','23149195'),
	('2006','Utah','2452863'),
	('2006','Vermont','635289'),
	('2006','Virginia','7644514'),
	('2006','Washington','6266940'),
	('2006','West Virginia','1822416'),
	('2006','Wisconsin','5589876'),
	('2006','Wyoming','510136'),
	('2007','Alabama','4555152'),
	('2007','Alaska','673516'),
	('2007','Arizona','6167024'),
	('2007','Arkansas','2816936'),
	('2007','California','36857069'),
	('2007','Colorado','4703833'),
	('2007','Connecticut','3535579'),
	('2007','Delaware','856170'),
	('2007','District of Columbia','542735'),
	('2007','Florida','18185887'),
	('2007','Georgia','9193057'),
	('2007','Hawaii','1304704'),
	('2007','Idaho','1450503'),
	('2007','Illinois','12792383'),
	('2007','Indiana','6308905'),
	('2007','Iowa','2990331'),
	('2007','Kansas','2773846'),
	('2007','Kentucky','4206322'),
	('2007','Louisiana','4568034'),
	('2007','Maine','1334554'),
	('2007','Maryland','5722510'),
	('2007','Massachusetts','6575260'),
	('2007','Michigan','10300770'),
	('2007','Minnesota','5272397'),
	('2007','Mississippi','2939520'),
	('2007','Missouri','5828894'),
	('2007','Montana','947474'),
	('2007','Nebraska','1754895'),
	('2007','Nevada','2484229'),
	('2007','New Hampshire','1343079'),
	('2007','New Jersey','8861078'),
	('2007','New Mexico','1935545'),
	('2007','New York','19346333'),
	('2007','North Carolina','8957883'),
	('2007','North Dakota','636193'),
	('2007','Ohio','11521570'),
	('2007','Oklahoma','3549795'),
	('2007','Oregon','3670799'),
	('2007','Pennsylvania','12493634'),
	('2007','Rhode Island','1099496'),
	('2007','South Carolina','4323556'),
	('2007','South Dakota','778006'),
	('2007','Tennessee','6071222'),
	('2007','Texas','23523782'),
	('2007','Utah','2488014'),
	('2007','Vermont','639584'),
	('2007','Virginia','7736166'),
	('2007','Washington','6331696'),
	('2007','West Virginia','1825209'),
	('2007','Wisconsin','5624971'),
	('2007','Wyoming','512847'),
	('2008','Alabama','4568983'),
	('2008','Alaska','680082'),
	('2008','Arizona','6320874'),
	('2008','Arkansas','2836580'),
	('2008','California','37262310'),
	('2008','Colorado','4746528'),
	('2008','Connecticut','3550416'),
	('2008','Delaware','865705'),
	('2008','District of Columbia','538487'),
	('2008','Florida','18533980'),
	('2008','Georgia','9325827'),
	('2008','Hawaii','1317607'),
	('2008','Idaho','1472584'),
	('2008','Illinois','12835851'),
	('2008','Indiana','6337404'),
	('2008','Iowa','2997608'),
	('2008','Kansas','2784728'),
	('2008','Kentucky','4226659'),
	('2008','Louisiana','4583733'),
	('2008','Maine','1342286'),
	('2008','Maryland','5783344'),
	('2008','Massachusetts','6601235'),
	('2008','Michigan','10345033'),
	('2008','Minnesota','5321587'),
	('2008','Mississippi','2950652'),
	('2008','Missouri','5860326'),
	('2008','Montana','954653'),
	('2008','Nebraska','1759829'),
	('2008','Nevada','2551889'),
	('2008','New Hampshire','1357216'),
	('2008','New Jersey','8915495'),
	('2008','New Mexico','1951229'),
	('2008','New York','19383109'),
	('2008','North Carolina','9086527'),
	('2008','North Dakota','636452'),
	('2008','Ohio','11541279'),
	('2008','Oklahoma','3563865'),
	('2008','Oregon','3709778'),
	('2008','Pennsylvania','12525118'),
	('2008','Rhode Island','1105525'),
	('2008','South Carolina','4365055'),
	('2008','South Dakota','780947'),
	('2008','Tennessee','6124341'),
	('2008','Texas','23898665'),
	('2008','Utah','2523394'),
	('2008','Vermont','643905'),
	('2008','Virginia','7827657'),
	('2008','Washington','6399035'),
	('2008','West Virginia','1827226'),
	('2008','Wisconsin','5659640'),
	('2008','Wyoming','515408'),
	('2009','Alabama','4582698'),
	('2009','Alaska','686965'),
	('2009','Arizona','6477686'),
	('2009','Arkansas','2855960'),
	('2009','California','37665703'),
	('2009','Colorado','4789060'),
	('2009','Connecticut','3564393'),
	('2009','Delaware','875117'),
	('2009','District of Columbia','534202'),
	('2009','Florida','18889187'),
	('2009','Georgia','9457857'),
	('2009','Hawaii','1329479'),
	('2009','Idaho','1494862'),
	('2009','Illinois','12877420'),
	('2009','Indiana','6365157'),
	('2009','Iowa','3004163'),
	('2009','Kansas','2795261'),
	('2009','Kentucky','4246263'),
	('2009','Louisiana','4598636'),
	('2009','Maine','1349786'),
	('2009','Maryland','5844175'),
	('2009','Massachusetts','6625910'),
	('2009','Michigan','10387724'),
	('2009','Minnesota','5371036'),
	('2009','Mississippi','2961313'),
	('2009','Missouri','5891421'),
	('2009','Montana','961691'),
	('2009','Nebraska','1764533'),
	('2009','Nevada','2620688'),
	('2009','New Hampshire','1371386'),
	('2009','New Jersey','8967868'),
	('2009','New Mexico','1966156'),
	('2009','New York','19415485'),
	('2009','North Carolina','9215858'),
	('2009','North Dakota','636612'),
	('2009','Ohio','11559502'),
	('2009','Oklahoma','3577766'),
	('2009','Oregon','3749852'),
	('2009','Pennsylvania','12555469'),
	('2009','Rhode Island','1111252'),
	('2009','South Carolina','4406143'),
	('2009','South Dakota','783755'),
	('2009','Tennessee','6177567'),
	('2009','Texas','24273816'),
	('2009','Utah','2559059'),
	('2009','Vermont','648221'),
	('2009','Virginia','7919021'),
	('2009','Washington','6469126'),
	('2009','West Virginia','1828538'),
	('2009','Wisconsin','5693830'),
	('2009','Wyoming','517767'),
	('2010','Alabama','4596330'),
	('2010','Alaska','694109'),
	('2010','Arizona','6637381'),
	('2010','Arkansas','2875039'),
	('2010','California','38067134'),
	('2010','Colorado','4831554'),
	('2010','Connecticut','3577490'),
	('2010','Delaware','884342'),
	('2010','District of Columbia','529785'),
	('2010','Florida','19251691'),
	('2010','Georgia','9589080'),
	('2010','Hawaii','1340674'),
	('2010','Idaho','1517291'),
	('2010','Illinois','12916894'),
	('2010','Indiana','6392139'),
	('2010','Iowa','3009907'),
	('2010','Kansas','2805470'),
	('2010','Kentucky','4265117'),
	('2010','Louisiana','4612679'),
	('2010','Maine','1357134'),
	('2010','Maryland','5904970'),
	('2010','Massachusetts','6649441'),
	('2010','Michigan','10428683'),
	('2010','Minnesota','5420636'),
	('2010','Mississippi','2971412'),
	('2010','Missouri','5922078'),
	('2010','Montana','968598'),
	('2010','Nebraska','1768997'),
	('2010','Nevada','2690531'),
	('2010','New Hampshire','1385560'),
	('2010','New Jersey','9018231'),
	('2010','New Mexico','1980225'),
	('2010','New York','19443672'),
	('2010','North Carolina','9345823'),
	('2010','North Dakota','636623'),
	('2010','Ohio','11576181'),
	('2010','Oklahoma','3591516'),
	('2010','Oregon','3790996'),
	('2010','Pennsylvania','12584487'),
	('2010','Rhode Island','1116652'),
	('2010','South Carolina','4446704'),
	('2010','South Dakota','786399'),
	('2010','Tennessee','6230852'),
	('2010','Texas','24648888'),
	('2010','Utah','2595013'),
	('2010','Vermont','652512'),
	('2010','Virginia','8010245'),
	('2010','Washington','6541963'),
	('2010','West Virginia','1829141'),
	('2010','Wisconsin','5727426'),
	('2010','Wyoming','519886'),
	('2011','Alabama','4609820'),
	('2011','Alaska','701381'),
	('2011','Arizona','6800697'),
	('2011','Arkansas','2893966'),
	('2011','California','38469883'),
	('2011','Colorado','4874231'),
	('2011','Connecticut','3590023'),
	('2011','Delaware','893422'),
	('2011','District of Columbia','525289'),
	('2011','Florida','19622736'),
	('2011','Georgia','9719339'),
	('2011','Hawaii','1351329'),
	('2011','Idaho','1539854'),
	('2011','Illinois','12955082'),
	('2011','Indiana','6418398'),
	('2011','Iowa','3014826'),
	('2011','Kansas','2815413'),
	('2011','Kentucky','4283366'),
	('2011','Louisiana','4626124'),
	('2011','Maine','1364209'),
	('2011','Maryland','5965771'),
	('2011','Massachusetts','6672213'),
	('2011','Michigan','10467470'),
	('2011','Minnesota','5470382'),
	('2011','Mississippi','2981038'),
	('2011','Missouri','5952408'),
	('2011','Montana','975263'),
	('2011','Nebraska','1773254'),
	('2011','Nevada','2761512'),
	('2011','New Hampshire','1399835'),
	('2011','New Jersey','9067407'),
	('2011','New Mexico','1993648'),
	('2011','New York','19468803'),
	('2011','North Carolina','9476534'),
	('2011','North Dakota','636532'),
	('2011','Ohio','11591373'),
	('2011','Oklahoma','3605313'),
	('2011','Oregon','3833123'),
	('2011','Pennsylvania','12612380'),
	('2011','Rhode Island','1121758'),
	('2011','South Carolina','4486790'),
	('2011','South Dakota','788892'),
	('2011','Tennessee','6284421'),
	('2011','Texas','25026846'),
	('2011','Utah','2631383'),
	('2011','Vermont','656767'),
	('2011','Virginia','8101489'),
	('2011','Washington','6617654'),
	('2011','West Virginia','1829099'),
	('2011','Wisconsin','5760303'),
	('2011','Wyoming','521831'),
	('2012','Alabama','4623288'),
	('2012','Alaska','708914'),
	('2012','Arizona','6968066'),
	('2012','Arkansas','2912801'),
	('2012','California','38877863'),
	('2012','Colorado','4917355'),
	('2012','Connecticut','3602158'),
	('2012','Delaware','902264'),
	('2012','District of Columbia','520712'),
	('2012','Florida','20003427'),
	('2012','Georgia','9848769'),
	('2012','Hawaii','1361296'),
	('2012','Idaho','1562398'),
	('2012','Illinois','12992537'),
	('2012','Indiana','6444116'),
	('2012','Iowa','3018988'),
	('2012','Kansas','2825154'),
	('2012','Kentucky','4301131'),
	('2012','Louisiana','4638996'),
	('2012','Maine','1370982'),
	('2012','Maryland','6026667'),
	('2012','Massachusetts','6694497'),
	('2012','Michigan','10504167'),
	('2012','Minnesota','5520182'),
	('2012','Mississippi','2990221'),
	('2012','Missouri','5982482'),
	('2012','Montana','981733'),
	('2012','Nebraska','1777346'),
	('2012','Nevada','2833751'),
	('2012','New Hampshire','1414107'),
	('2012','New Jersey','9115852'),
	('2012','New Mexico','2006561'),
	('2012','New York','19491974'),
	('2012','North Carolina','9608371'),
	('2012','North Dakota','636351'),
	('2012','Ohio','11605094'),
	('2012','Oklahoma','3619273'),
	('2012','Oregon','3876455'),
	('2012','Pennsylvania','12639226'),
	('2012','Rhode Island','1126613'),
	('2012','South Carolina','4526466'),
	('2012','South Dakota','791220'),
	('2012','Tennessee','6338392'),
	('2012','Texas','25409783'),
	('2012','Utah','2668319'),
	('2012','Vermont','660969'),
	('2012','Virginia','8192854'),
	('2012','Washington','6696375'),
	('2012','West Virginia','1828425'),
	('2012','Wisconsin','5792502'),
	('2012','Wyoming','523655'),
	('2013','Alabama','4636657'),
	('2013','Alaska','716684'),
	('2013','Arizona','7139678'),
	('2013','Arkansas','2931613'),
	('2013','California','39290168'),
	('2013','Colorado','4960914'),
	('2013','Connecticut','3613835'),
	('2013','Delaware','910889'),
	('2013','District of Columbia','516005'),
	('2013','Florida','20393946'),
	('2013','Georgia','9977201'),
	('2013','Hawaii','1370471'),
	('2013','Idaho','1584998'),
	('2013','Illinois','13028814'),
	('2013','Indiana','6469266'),
	('2013','Iowa','3022322'),
	('2013','Kansas','2834644'),
	('2013','Kentucky','4318351'),
	('2013','Louisiana','4651282'),
	('2013','Maine','1377388'),
	('2013','Maryland','6087491'),
	('2013','Massachusetts','6716305'),
	('2013','Michigan','10538487'),
	('2013','Minnesota','5569829'),
	('2013','Mississippi','2998838'),
	('2013','Missouri','6012096'),
	('2013','Montana','987918'),
	('2013','Nebraska','1781282'),
	('2013','Nevada','2907321'),
	('2013','New Hampshire','1428369'),
	('2013','New Jersey','9163478'),
	('2013','New Mexico','2018887'),
	('2013','New York','19512725'),
	('2013','North Carolina','9741345'),
	('2013','North Dakota','636086'),
	('2013','Ohio','11617119'),
	('2013','Oklahoma','3633287'),
	('2013','Oregon','3920890'),
	('2013','Pennsylvania','12664761'),
	('2013','Rhode Island','1131213'),
	('2013','South Carolina','4565601'),
	('2013','South Dakota','793331'),
	('2013','Tennessee','6392658'),
	('2013','Texas','25797428'),
	('2013','Utah','2705888'),
	('2013','Vermont','665113'),
	('2013','Virginia','8284309'),
	('2013','Washington','6778126'),
	('2013','West Virginia','1827150'),
	('2013','Wisconsin','5823732'),
	('2013','Wyoming','525296'),
	('2014','Alabama','4649932'),
	('2014','Alaska','724553'),
	('2014','Arizona','7315364'),
	('2014','Arkansas','2950287'),
	('2014','California','39705716'),
	('2014','Colorado','5004965'),
	('2014','Connecticut','3624896'),
	('2014','Delaware','919299'),
	('2014','District of Columbia','511233'),
	('2014','Florida','20794144'),
	('2014','Georgia','10104512'),
	('2014','Hawaii','1378731'),
	('2014','Idaho','1607559'),
	('2014','Illinois','13063852'),
	('2014','Indiana','6493780'),
	('2014','Iowa','3024770'),
	('2014','Kansas','2843856'),
	('2014','Kentucky','4335031'),
	('2014','Louisiana','4662850'),
	('2014','Maine','1383367'),
	('2014','Maryland','6148131'),
	('2014','Massachusetts','6737663'),
	('2014','Michigan','10570208'),
	('2014','Minnesota','5619270'),
	('2014','Mississippi','3006893'),
	('2014','Missouri','6041117'),
	('2014','Montana','993847'),
	('2014','Nebraska','1785004'),
	('2014','Nevada','2982168'),
	('2014','New Hampshire','1442550'),
	('2014','New Jersey','9210179'),
	('2014','New Mexico','2030569'),
	('2014','New York','19531098'),
	('2014','North Carolina','9875459'),
	('2014','North Dakota','635659'),
	('2014','Ohio','11627284'),
	('2014','Oklahoma','3647370'),
	('2014','Oregon','3966347'),
	('2014','Pennsylvania','12688737'),
	('2014','Rhode Island','1135531'),
	('2014','South Carolina','4604180'),
	('2014','South Dakota','795274'),
	('2014','Tennessee','6447163'),
	('2014','Texas','26189495'),
	('2014','Utah','2744104'),
	('2014','Vermont','669205'),
	('2014','Virginia','8375648'),
	('2014','Washington','6862870'),
	('2014','West Virginia','1825259'),
	('2014','Wisconsin','5853861'),
	('2014','Wyoming','526758'),
	('2015','Alabama','4663111'),
	('2015','Alaska','732544'),
	('2015','Arizona','7495238'),
	('2015','Arkansas','2968913'),
	('2015','California','40123232'),
	('2015','Colorado','5049493'),
	('2015','Connecticut','3635414'),
	('2015','Delaware','927400'),
	('2015','District of Columbia','506323'),
	('2015','Florida','21204132'),
	('2015','Georgia','10230578'),
	('2015','Hawaii','1385952'),
	('2015','Idaho','1630045'),
	('2015','Illinois','13097218'),
	('2015','Indiana','6517631'),
	('2015','Iowa','3026380'),
	('2015','Kansas','2852690'),
	('2015','Kentucky','4351188'),
	('2015','Louisiana','4673721'),
	('2015','Maine','1388878'),
	('2015','Maryland','6208392'),
	('2015','Massachusetts','6758580'),
	('2015','Michigan','10599122'),
	('2015','Minnesota','5668211'),
	('2015','Mississippi','3014409'),
	('2015','Missouri','6069556'),
	('2015','Montana','999489'),
	('2015','Nebraska','1788508'),
	('2015','Nevada','3058190'),
	('2015','New Hampshire','1456679'),
	('2015','New Jersey','9255769'),
	('2015','New Mexico','2041539'),
	('2015','New York','19546699'),
	('2015','North Carolina','10010770'),
	('2015','North Dakota','635133'),
	('2015','Ohio','11635446'),
	('2015','Oklahoma','3661694'),
	('2015','Oregon','4012924'),
	('2015','Pennsylvania','12710938'),
	('2015','Rhode Island','1139543'),
	('2015','South Carolina','4642137'),
	('2015','South Dakota','796954'),
	('2015','Tennessee','6502017'),
	('2015','Texas','26585801'),
	('2015','Utah','2783040'),
	('2015','Vermont','673169'),
	('2015','Virginia','8466864'),
	('2015','Washington','6950610'),
	('2015','West Virginia','1822758'),
	('2015','Wisconsin','5882760'),
	('2015','Wyoming','528005'),
	('2016','Alabama','4676269'),
	('2016','Alaska','740704'),
	('2016','Arizona','7679249'),
	('2016','Arkansas','2987368'),
	('2016','California','40541658'),
	('2016','Colorado','5094505'),
	('2016','Connecticut','3645212'),
	('2016','Delaware','935223'),
	('2016','District of Columbia','501333'),
	('2016','Florida','21624076'),
	('2016','Georgia','10355485'),
	('2016','Hawaii','1391955'),
	('2016','Idaho','1652489'),
	('2016','Illinois','13128924'),
	('2016','Indiana','6540916'),
	('2016','Iowa','3027058'),
	('2016','Kansas','2861120'),
	('2016','Kentucky','4366811'),
	('2016','Louisiana','4683885'),
	('2016','Maine','1393949'),
	('2016','Maryland','6268046'),
	('2016','Massachusetts','6779024'),
	('2016','Michigan','10625075'),
	('2016','Minnesota','5716580'),
	('2016','Mississippi','3021422'),
	('2016','Missouri','6097239'),
	('2016','Montana','1004798'),
	('2016','Nebraska','1791808'),
	('2016','Nevada','3135270'),
	('2016','New Hampshire','1470734'),
	('2016','New Jersey','9300045'),
	('2016','New Mexico','2051822'),
	('2016','New York','19559319'),
	('2016','North Carolina','10147434'),
	('2016','North Dakota','634463'),
	('2016','Ohio','11641535'),
	('2016','Oklahoma','3676116'),
	('2016','Oregon','4060467'),
	('2016','Pennsylvania','12731118'),
	('2016','Rhode Island','1143240'),
	('2016','South Carolina','4679441'),
	('2016','South Dakota','798415'),
	('2016','Tennessee','6557090'),
	('2016','Texas','26986249'),
	('2016','Utah','2822718'),
	('2016','Vermont','677025'),
	('2016','Virginia','8557758'),
	('2016','Washington','7041246'),
	('2016','West Virginia','1819567'),
	('2016','Wisconsin','5910327'),
	('2016','Wyoming','529053'),
	('2017','Alabama','4689410'),
	('2017','Alaska','748945'),
	('2017','Arizona','7867317'),
	('2017','Arkansas','3005726'),
	('2017','California','40959943'),
	('2017','Colorado','5139904'),
	('2017','Connecticut','3654173'),
	('2017','Delaware','942751'),
	('2017','District of Columbia','496175'),
	('2017','Florida','22053899'),
	('2017','Georgia','10479164'),
	('2017','Hawaii','1397258'),
	('2017','Idaho','1674865'),
	('2017','Illinois','13158664'),
	('2017','Indiana','6563494'),
	('2017','Iowa','3026831'),
	('2017','Kansas','2869179'),
	('2017','Kentucky','4381907'),
	('2017','Louisiana','4693413'),
	('2017','Maine','1398490'),
	('2017','Maryland','6326990'),
	('2017','Massachusetts','6799016'),
	('2017','Michigan','10647852'),
	('2017','Minnesota','5764136'),
	('2017','Mississippi','3027943'),
	('2017','Missouri','6124161'),
	('2017','Montana','1009805'),
	('2017','Nebraska','1794867'),
	('2017','Nevada','3213364'),
	('2017','New Hampshire','1484598'),
	('2017','New Jersey','9342938'),
	('2017','New Mexico','2061324'),
	('2017','New York','19568748'),
	('2017','North Carolina','10285552'),
	('2017','North Dakota','633633'),
	('2017','Ohio','11645448'),
	('2017','Oklahoma','3690699'),
	('2017','Oregon','4108966'),
	('2017','Pennsylvania','12748977'),
	('2017','Rhode Island','1146594'),
	('2017','South Carolina','4716202'),
	('2017','South Dakota','799611'),
	('2017','Tennessee','6612472'),
	('2017','Texas','27391070'),
	('2017','Utah','2863188'),
	('2017','Vermont','680729'),
	('2017','Virginia','8648333'),
	('2017','Washington','7134776'),
	('2017','West Virginia','1815822'),
	('2017','Wisconsin','5936429'),
	('2017','Wyoming','529846'),
	('2018','Alabama','4702519'),
	('2018','Alaska','757331'),
	('2018','Arizona','8059487'),
	('2018','Arkansas','3023989'),
	('2018','California','41377233'),
	('2018','Colorado','5185795'),
	('2018','Connecticut','3662364'),
	('2018','Delaware','949937'),
	('2018','District of Columbia','491009'),
	('2018','Florida','22493926'),
	('2018','Georgia','10601663'),
	('2018','Hawaii','1402403'),
	('2018','Idaho','1697103'),
	('2018','Illinois','13186604'),
	('2018','Indiana','6585386'),
	('2018','Iowa','3025631'),
	('2018','Kansas','2876728'),
	('2018','Kentucky','4396540'),
	('2018','Louisiana','4702379'),
	('2018','Maine','1402465'),
	('2018','Maryland','6384972'),
	('2018','Massachusetts','6818537'),
	('2018','Michigan','10667356'),
	('2018','Minnesota','5810811'),
	('2018','Mississippi','3033918'),
	('2018','Missouri','6150240'),
	('2018','Montana','1014482'),
	('2018','Nebraska','1797687'),
	('2018','Nevada','3292272'),
	('2018','New Hampshire','1498286'),
	('2018','New Jersey','9384233'),
	('2018','New Mexico','2069834'),
	('2018','New York','19574977'),
	('2018','North Carolina','10425301'),
	('2018','North Dakota','632627'),
	('2018','Ohio','11647203'),
	('2018','Oklahoma','3705437'),
	('2018','Oregon','4158539'),
	('2018','Pennsylvania','12764432'),
	('2018','Rhode Island','1149555'),
	('2018','South Carolina','4752323'),
	('2018','South Dakota','800606'),
	('2018','Tennessee','6668132'),
	('2018','Texas','27800543'),
	('2018','Utah','2904529'),
	('2018','Vermont','684222'),
	('2018','Virginia','8738451'),
	('2018','Washington','7231073'),
	('2018','West Virginia','1811457'),
	('2018','Wisconsin','5960925'),
	('2018','Wyoming','530409'),
	('2019','Alabama','4715658'),
	('2019','Alaska','765831'),
	('2019','Arizona','8255876'),
	('2019','Arkansas','3042139'),
	('2019','California','41793201'),
	('2019','Colorado','5232108'),
	('2019','Connecticut','3669544'),
	('2019','Delaware','956706'),
	('2019','District of Columbia','485768'),
	('2019','Florida','22944739'),
	('2019','Georgia','10723197'),
	('2019','Hawaii','1407471'),
	('2019','Idaho','1719239'),
	('2019','Illinois','13212633'),
	('2019','Indiana','6606554'),
	('2019','Iowa','3023507'),
	('2019','Kansas','2883852'),
	('2019','Kentucky','4410702'),
	('2019','Louisiana','4710957'),
	('2019','Maine','1405839'),
	('2019','Maryland','6441889'),
	('2019','Massachusetts','6837397'),
	('2019','Michigan','10683432'),
	('2019','Minnesota','5856391'),
	('2019','Mississippi','3039491'),
	('2019','Missouri','6175464'),
	('2019','Montana','1018788'),
	('2019','Nebraska','1800270'),
	('2019','Nevada','3371938'),
	('2019','New Hampshire','1511668'),
	('2019','New Jersey','9423792'),
	('2019','New Mexico','2077546'),
	('2019','New York','19577760'),
	('2019','North Carolina','10566497'),
	('2019','North Dakota','631470'),
	('2019','Ohio','11646712'),
	('2019','Oklahoma','3720396'),
	('2019','Oregon','4208983'),
	('2019','Pennsylvania','12777274'),
	('2019','Rhode Island','1152141'),
	('2019','South Carolina','4787774'),
	('2019','South Dakota','801393'),
	('2019','Tennessee','6724207'),
	('2019','Texas','28215015'),
	('2019','Utah','2946841'),
	('2019','Vermont','687552'),
	('2019','Virginia','8828145'),
	('2019','Washington','7330188'),
	('2019','West Virginia','1806545'),
	('2019','Wisconsin','5983775'),
	('2019','Wyoming','530784'),
	('2020','Alabama','4728915'),
	('2020','Alaska','774421'),
	('2020','Arizona','8456448'),
	('2020','Arkansas','3060219'),
	('2020','California','42206743'),
	('2020','Colorado','5278867'),
	('2020','Connecticut','3675650'),
	('2020','Delaware','963209'),
	('2020','District of Columbia','480540'),
	('2020','Florida','23406525'),
	('2020','Georgia','10843753'),
	('2020','Hawaii','1412373'),
	('2020','Idaho','1741333'),
	('2020','Illinois','13236720'),
	('2020','Indiana','6627008'),
	('2020','Iowa','3020496'),
	('2020','Kansas','2890566'),
	('2020','Kentucky','4424431'),
	('2020','Louisiana','4719160'),
	('2020','Maine','1408665'),
	('2020','Maryland','6497626'),
	('2020','Massachusetts','6855546'),
	('2020','Michigan','10695993'),
	('2020','Minnesota','5900769'),
	('2020','Mississippi','3044812'),
	('2020','Missouri','6199882'),
	('2020','Montana','1022735'),
	('2020','Nebraska','1802678'),
	('2020','Nevada','3452283'),
	('2020','New Hampshire','1524751'),
	('2020','New Jersey','9461635'),
	('2020','New Mexico','2084341'),
	('2020','New York','19576920'),
	('2020','North Carolina','10709289'),
	('2020','North Dakota','630112'),
	('2020','Ohio','11644058'),
	('2020','Oklahoma','3735690'),
	('2020','Oregon','4260393'),
	('2020','Pennsylvania','12787354'),
	('2020','Rhode Island','1154230'),
	('2020','South Carolina','4822577'),
	('2020','South Dakota','801939'),
	('2020','Tennessee','6780670'),
	('2020','Texas','28634896'),
	('2020','Utah','2990094'),
	('2020','Vermont','690686'),
	('2020','Virginia','8917395'),
	('2020','Washington','7432136'),
	('2020','West Virginia','1801112'),
	('2020','Wisconsin','6004954'),
	('2020','Wyoming','530948'),
	('2021','Alabama','4742363'),
	('2021','Alaska','783195'),
	('2021','Arizona','8661628'),
	('2021','Arkansas','3078304'),
	('2021','California','42621044'),
	('2021','Colorado','5326177'),
	('2021','Connecticut','3680713'),
	('2021','Delaware','969362'),
	('2021','District of Columbia','475313'),
	('2021','Florida','23880431'),
	('2021','Georgia','10963625'),
	('2021','Hawaii','1417285'),
	('2021','Idaho','1763458'),
	('2021','Illinois','13259305'),
	('2021','Indiana','6646851'),
	('2021','Iowa','3016578'),
	('2021','Kansas','2896901'),
	('2021','Kentucky','4437842'),
	('2021','Louisiana','4727344'),
	('2021','Maine','1410938'),
	('2021','Maryland','6552328'),
	('2021','Massachusetts','6873128'),
	('2021','Michigan','10705348'),
	('2021','Minnesota','5944197'),
	('2021','Mississippi','3049912'),
	('2021','Missouri','6223645'),
	('2021','Montana','1026314'),
	('2021','Nebraska','1804909'),
	('2021','Nevada','3533242'),
	('2021','New Hampshire','1537602'),
	('2021','New Jersey','9498228'),
	('2021','New Mexico','2090297'),
	('2021','New York','19573419'),
	('2021','North Carolina','10853724'),
	('2021','North Dakota','628561'),
	('2021','Ohio','11639414'),
	('2021','Oklahoma','3751443'),
	('2021','Oregon','4312897'),
	('2021','Pennsylvania','12794939'),
	('2021','Rhode Island','1155920'),
	('2021','South Carolina','4856829'),
	('2021','South Dakota','802269'),
	('2021','Tennessee','6837661'),
	('2021','Texas','29062018'),
	('2021','Utah','3034569'),
	('2021','Vermont','693589'),
	('2021','Virginia','9006566'),
	('2021','Washington','7537377'),
	('2021','West Virginia','1795057'),
	('2021','Wisconsin','6024516'),
	('2021','Wyoming','530925'),
	('2022','Alabama','4756138'),
	('2022','Alaska','792219'),
	('2022','Arizona','8871581'),
	('2022','Arkansas','3096402'),
	('2022','California','43038400'),
	('2022','Colorado','5374263'),
	('2022','Connecticut','3684845'),
	('2022','Delaware','975210'),
	('2022','District of Columbia','470147'),
	('2022','Florida','24367532'),
	('2022','Georgia','11083165'),
	('2022','Hawaii','1422429'),
	('2022','Idaho','1785567'),
	('2022','Illinois','13280998'),
	('2022','Indiana','6666200'),
	('2022','Iowa','3011877'),
	('2022','Kansas','2902887'),
	('2022','Kentucky','4451079'),
	('2022','Louisiana','4735656'),
	('2022','Maine','1412605'),
	('2022','Maryland','6606198'),
	('2022','Massachusetts','6890339'),
	('2022','Michigan','10711744'),
	('2022','Minnesota','5986721'),
	('2022','Mississippi','3054907'),
	('2022','Missouri','6247117'),
	('2022','Montana','1029536'),
	('2022','Nebraska','1807022'),
	('2022','Nevada','3614974'),
	('2022','New Hampshire','1550181'),
	('2022','New Jersey','9534128'),
	('2022','New Mexico','2095558'),
	('2022','New York','19568231'),
	('2022','North Carolina','11000044'),
	('2022','North Dakota','626860'),
	('2022','Ohio','11633173'),
	('2022','Oklahoma','3767829'),
	('2022','Oregon','4366700'),
	('2022','Pennsylvania','12800217'),
	('2022','Rhode Island','1157175'),
	('2022','South Carolina','4890655'),
	('2022','South Dakota','802396'),
	('2022','Tennessee','6895329'),
	('2022','Texas','29498159'),
	('2022','Utah','3080326'),
	('2022','Vermont','696319'),
	('2022','Virginia','9095887'),
	('2022','Washington','7646286'),
	('2022','West Virginia','1788563'),
	('2022','Wisconsin','6042617'),
	('2022','Wyoming','530704'),
	('2023','Alabama','4770343'),
	('2023','Alaska','801435'),
	('2023','Arizona','9086570'),
	('2023','Arkansas','3114547'),
	('2023','California','43458537'),
	('2023','Colorado','5423079'),
	('2023','Connecticut','3688001'),
	('2023','Delaware','980713'),
	('2023','District of Columbia','465050'),
	('2023','Florida','24868128'),
	('2023','Georgia','11202275'),
	('2023','Hawaii','1427696'),
	('2023','Idaho','1807798'),
	('2023','Illinois','13301720'),
	('2023','Indiana','6685094'),
	('2023','Iowa','3006420'),
	('2023','Kansas','2908587'),
	('2023','Kentucky','4464097'),
	('2023','Louisiana','4744316'),
	('2023','Maine','1413737'),
	('2023','Maryland','6659221'),
	('2023','Massachusetts','6907115'),
	('2023','Michigan','10715229'),
	('2023','Minnesota','6028284'),
	('2023','Mississippi','3059826'),
	('2023','Missouri','6270151'),
	('2023','Montana','1032468'),
	('2023','Nebraska','1809017'),
	('2023','Nevada','3697316'),
	('2023','New Hampshire','1562470'),
	('2023','New Jersey','9569120'),
	('2023','New Mexico','2100022'),
	('2023','New York','19561066'),
	('2023','North Carolina','11148195'),
	('2023','North Dakota','624978'),
	('2023','Ohio','11625398'),
	('2023','Oklahoma','3784867'),
	('2023','Oregon','4421848'),
	('2023','Pennsylvania','12803142'),
	('2023','Rhode Island','1157929'),
	('2023','South Carolina','4924048'),
	('2023','South Dakota','802350'),
	('2023','Tennessee','6953783'),
	('2023','Texas','29943764'),
	('2023','Utah','3127347'),
	('2023','Vermont','698858'),
	('2023','Virginia','9185284'),
	('2023','Washington','7758905'),
	('2023','West Virginia','1781639'),
	('2023','Wisconsin','6059281'),
	('2023','Wyoming','530314'),
	('2024','Alabama','4784959'),
	('2024','Alaska','810992'),
	('2024','Arizona','9306480'),
	('2024','Arkansas','3132786'),
	('2024','California','43880767'),
	('2024','Colorado','5472581'),
	('2024','Connecticut','3690067'),
	('2024','Delaware','985857'),
	('2024','District of Columbia','460046'),
	('2024','Florida','25382899'),
	('2024','Georgia','11320789'),
	('2024','Hawaii','1433110'),
	('2024','Idaho','1830096'),
	('2024','Illinois','13321572'),
	('2024','Indiana','6703479'),
	('2024','Iowa','3000209'),
	('2024','Kansas','2913953'),
	('2024','Kentucky','4476927'),
	('2024','Louisiana','4753194'),
	('2024','Maine','1414345'),
	('2024','Maryland','6711375'),
	('2024','Massachusetts','6923257'),
	('2024','Michigan','10715859'),
	('2024','Minnesota','6068940'),
	('2024','Mississippi','3064645'),
	('2024','Missouri','6292890'),
	('2024','Montana','1035086'),
	('2024','Nebraska','1810951'),
	('2024','Nevada','3780129'),
	('2024','New Hampshire','1574541'),
	('2024','New Jersey','9603371'),
	('2024','New Mexico','2103685'),
	('2024','New York','19551765'),
	('2024','North Carolina','11297928'),
	('2024','North Dakota','622970'),
	('2024','Ohio','11616242'),
	('2024','Oklahoma','3802592'),
	('2024','Oregon','4478426'),
	('2024','Pennsylvania','12803729'),
	('2024','Rhode Island','1158169'),
	('2024','South Carolina','4957008'),
	('2024','South Dakota','802157'),
	('2024','Tennessee','7013071'),
	('2024','Texas','30399250'),
	('2024','Utah','3175809'),
	('2024','Vermont','701169'),
	('2024','Virginia','9274781'),
	('2024','Washington','7875563'),
	('2024','West Virginia','1774295'),
	('2024','Wisconsin','6074537'),
	('2024','Wyoming','529754'),
	('2025','Alabama','4800092'),
	('2025','Alaska','820881'),
	('2025','Arizona','9531537'),
	('2025','Arkansas','3151005'),
	('2025','California','44305177'),
	('2025','Colorado','5522803'),
	('2025','Connecticut','3691016'),
	('2025','Delaware','990694'),
	('2025','District of Columbia','455108'),
	('2025','Florida','25912458'),
	('2025','Georgia','11438622'),
	('2025','Hawaii','1438720'),
	('2025','Idaho','1852627'),
	('2025','Illinois','13340507'),
	('2025','Indiana','6721322'),
	('2025','Iowa','2993222'),
	('2025','Kansas','2919002'),
	('2025','Kentucky','4489662'),
	('2025','Louisiana','4762398'),
	('2025','Maine','1414402'),
	('2025','Maryland','6762732'),
	('2025','Massachusetts','6938636'),
	('2025','Michigan','10713730'),
	('2025','Minnesota','6108787'),
	('2025','Mississippi','3069420'),
	('2025','Missouri','6315366'),
	('2025','Montana','1037387'),
	('2025','Nebraska','1812787'),
	('2025','Nevada','3863298'),
	('2025','New Hampshire','1586348'),
	('2025','New Jersey','9636644'),
	('2025','New Mexico','2106584'),
	('2025','New York','19540179'),
	('2025','North Carolina','11449153'),
	('2025','North Dakota','620777'),
	('2025','Ohio','11605738'),
	('2025','Oklahoma','3820994'),
	('2025','Oregon','4536418'),
	('2025','Pennsylvania','12801945'),
	('2025','Rhode Island','1157855'),
	('2025','South Carolina','4989550'),
	('2025','South Dakota','801845'),
	('2025','Tennessee','7073125'),
	('2025','Texas','30865134'),
	('2025','Utah','3225680'),
	('2025','Vermont','703288'),
	('2025','Virginia','9364304'),
	('2025','Washington','7996400'),
	('2025','West Virginia','1766435'),
	('2025','Wisconsin','6088374'),
	('2025','Wyoming','529031'),
	('2026','Alabama','4815086'),
	('2026','Alaska','830576'),
	('2026','Arizona','9760275'),
	('2026','Arkansas','3169170'),
	('2026','California','44730796'),
	('2026','Colorado','5574258'),
	('2026','Connecticut','3691567'),
	('2026','Delaware','995366'),
	('2026','District of Columbia','450365'),
	('2026','Florida','26450121'),
	('2026','Georgia','11556027'),
	('2026','Hawaii','1444337'),
	('2026','Idaho','1875386'),
	('2026','Illinois','13359250'),
	('2026','Indiana','6739157'),
	('2026','Iowa','2986028'),
	('2026','Kansas','2923777'),
	('2026','Kentucky','4502483'),
	('2026','Louisiana','4771212'),
	('2026','Maine','1414195'),
	('2026','Maryland','6814171'),
	('2026','Massachusetts','6953819'),
	('2026','Michigan','10710956'),
	('2026','Minnesota','6148425'),
	('2026','Mississippi','3074137'),
	('2026','Missouri','6337968'),
	('2026','Montana','1039410'),
	('2026','Nebraska','1814576'),
	('2026','Nevada','3946723'),
	('2026','New Hampshire','1598205'),
	('2026','New Jersey','9669916'),
	('2026','New Mexico','2108088'),
	('2026','New York','19528089'),
	('2026','North Carolina','11602017'),
	('2026','North Dakota','618387'),
	('2026','Ohio','11594980'),
	('2026','Oklahoma','3839468'),
	('2026','Oregon','4594977'),
	('2026','Pennsylvania','12798532'),
	('2026','Rhode Island','1157355'),
	('2026','South Carolina','5021859'),
	('2026','South Dakota','801544'),
	('2026','Tennessee','7133706'),
	('2026','Texas','31338972'),
	('2026','Utah','3276328'),
	('2026','Vermont','705256'),
	('2026','Virginia','9454654'),
	('2026','Washington','8118782'),
	('2026','West Virginia','1758135'),
	('2026','Wisconsin','6101787'),
	('2026','Wyoming','528134'),
	('2027','Alabama','4829976'),
	('2027','Alaska','840106'),
	('2027','Arizona','9992720'),
	('2027','Arkansas','3187183'),
	('2027','California','45157132'),
	('2027','Colorado','5626850'),
	('2027','Connecticut','3691611'),
	('2027','Delaware','999899'),
	('2027','District of Columbia','445794'),
	('2027','Florida','26995836'),
	('2027','Georgia','11672741'),
	('2027','Hawaii','1449822'),
	('2027','Idaho','1898403'),
	('2027','Illinois','13377911'),
	('2027','Indiana','6756913'),
	('2027','Iowa','2978613'),
	('2027','Kansas','2928236'),
	('2027','Kentucky','4515390'),
	('2027','Louisiana','4779619'),
	('2027','Maine','1413762'),
	('2027','Maryland','6865707'),
	('2027','Massachusetts','6968792'),
	('2027','Michigan','10707608'),
	('2027','Minnesota','6187877'),
	('2027','Mississippi','3078739'),
	('2027','Missouri','6360641'),
	('2027','Montana','1041119'),
	('2027','Nebraska','1816187'),
	('2027','Nevada','4030363'),
	('2027','New Hampshire','1610091'),
	('2027','New Jersey','9703157'),
	('2027','New Mexico','2108174'),
	('2027','New York','19515752'),
	('2027','North Carolina','11756259'),
	('2027','North Dakota','615741'),
	('2027','Ohio','11583954'),
	('2027','Oklahoma','3857942'),
	('2027','Oregon','4653962'),
	('2027','Pennsylvania','12793437'),
	('2027','Rhode Island','1156640'),
	('2027','South Carolina','5053886'),
	('2027','South Dakota','801255'),
	('2027','Tennessee','7194743'),
	('2027','Texas','31820681'),
	('2027','Utah','3327623'),
	('2027','Vermont','707042'),
	('2027','Virginia','9545778'),
	('2027','Washington','8242723'),
	('2027','West Virginia','1749264'),
	('2027','Wisconsin','6114630'),
	('2027','Wyoming','527080'),
	('2028','Alabama','4844786'),
	('2028','Alaska','849465'),
	('2028','Arizona','10228744'),
	('2028','Arkansas','3205040'),
	('2028','California','45584544'),
	('2028','Colorado','5680680'),
	('2028','Connecticut','3691198'),
	('2028','Delaware','1004298'),
	('2028','District of Columbia','441489'),
	('2028','Florida','27550050'),
	('2028','Georgia','11788643'),
	('2028','Hawaii','1455256'),
	('2028','Idaho','1921784'),
	('2028','Illinois','13396347'),
	('2028','Indiana','6774671'),
	('2028','Iowa','2970959'),
	('2028','Kansas','2932414'),
	('2028','Kentucky','4528423'),
	('2028','Louisiana','4787625'),
	('2028','Maine','1413071'),
	('2028','Maryland','6917455'),
	('2028','Massachusetts','6983551'),
	('2028','Michigan','10703630'),
	('2028','Minnesota','6227224'),
	('2028','Mississippi','3083360'),
	('2028','Missouri','6383548'),
	('2028','Montana','1042611'),
	('2028','Nebraska','1817664'),
	('2028','Nevada','4114119'),
	('2028','New Hampshire','1622086'),
	('2028','New Jersey','9736318'),
	('2028','New Mexico','2106763'),
	('2028','New York','19503201'),
	('2028','North Carolina','11911950'),
	('2028','North Dakota','612879'),
	('2028','Ohio','11572775'),
	('2028','Oklahoma','3876398'),
	('2028','Oregon','4713432'),
	('2028','Pennsylvania','12786628'),
	('2028','Rhode Island','1155672'),
	('2028','South Carolina','5085678'),
	('2028','South Dakota','800961'),
	('2028','Tennessee','7256206'),
	('2028','Texas','32310736'),
	('2028','Utah','3379629'),
	('2028','Vermont','708746'),
	('2028','Virginia','9637792'),
	('2028','Washington','8368351'),
	('2028','West Virginia','1739954'),
	('2028','Wisconsin','6127024'),
	('2028','Wyoming','525867'),
	('2029','Alabama','4859518'),
	('2029','Alaska','858638'),
	('2029','Arizona','10468679'),
	('2029','Arkansas','3222760'),
	('2029','California','46013544'),
	('2029','Colorado','5735899'),
	('2029','Connecticut','3690174'),
	('2029','Delaware','1008547'),
	('2029','District of Columbia','437383'),
	('2029','Florida','28113244'),
	('2029','Georgia','11903720'),
	('2029','Hawaii','1460651'),
	('2029','Idaho','1945505'),
	('2029','Illinois','13414616'),
	('2029','Indiana','6792392'),
	('2029','Iowa','2963192'),
	('2029','Kansas','2936389'),
	('2029','Kentucky','4541613'),
	('2029','Louisiana','4795307'),
	('2029','Maine','1412214'),
	('2029','Maryland','6969602'),
	('2029','Massachusetts','6997904'),
	('2029','Michigan','10699075'),
	('2029','Minnesota','6266653'),
	('2029','Mississippi','3087905'),
	('2029','Missouri','6406706'),
	('2029','Montana','1043847'),
	('2029','Nebraska','1819031'),
	('2029','Nevada','4198048'),
	('2029','New Hampshire','1634190'),
	('2029','New Jersey','9769337'),
	('2029','New Mexico','2103962'),
	('2029','New York','19490203'),
	('2029','North Carolina','12069172'),
	('2029','North Dakota','609838'),
	('2029','Ohio','11561526'),
	('2029','Oklahoma','3894910'),
	('2029','Oregon','4773457'),
	('2029','Pennsylvania','12778134'),
	('2029','Rhode Island','1154426'),
	('2029','South Carolina','5117243'),
	('2029','South Dakota','800710'),
	('2029','Tennessee','7318154'),
	('2029','Texas','32809827'),
	('2029','Utah','3432237'),
	('2029','Vermont','710327'),
	('2029','Virginia','9730835'),
	('2029','Washington','8495694'),
	('2029','West Virginia','1730161'),
	('2029','Wisconsin','6139027'),
	('2029','Wyoming','524512'),
	('2030','Alabama','4874243'),
	('2030','Alaska','867674'),
	('2030','Arizona','10712397'),
	('2030','Arkansas','3240208'),
	('2030','California','46444861'),
	('2030','Colorado','5792357'),
	('2030','Connecticut','3688630'),
	('2030','Delaware','1012658'),
	('2030','District of Columbia','433414'),
	('2030','Florida','28685769'),
	('2030','Georgia','12017838'),
	('2030','Hawaii','1466046'),
	('2030','Idaho','1969624'),
	('2030','Illinois','13432892'),
	('2030','Indiana','6810108'),
	('2030','Iowa','2955172'),
	('2030','Kansas','2940084'),
	('2030','Kentucky','4554998'),
	('2030','Louisiana','4802633'),
	('2030','Maine','1411097'),
	('2030','Maryland','7022251'),
	('2030','Massachusetts','7012009'),
	('2030','Michigan','10694172'),
	('2030','Minnesota','6306130'),
	('2030','Mississippi','3092410'),
	('2030','Missouri','6430173'),
	('2030','Montana','1044898'),
	('2030','Nebraska','1820247'),
	('2030','Nevada','4282102'),
	('2030','New Hampshire','1646471'),
	('2030','New Jersey','9802440'),
	('2030','New Mexico','2099708'),
	('2030','New York','19477429'),
	('2030','North Carolina','12227739'),
	('2030','North Dakota','606566'),
	('2030','Ohio','11550528'),
	('2030','Oklahoma','3913251'),
	('2030','Oregon','4833918'),
	('2030','Pennsylvania','12768184'),
	('2030','Rhode Island','1152941'),
	('2030','South Carolina','5148569'),
	('2030','South Dakota','800462'),
	('2030','Tennessee','7380634'),
	('2030','Texas','33317744'),
	('2030','Utah','3485367'),
	('2030','Vermont','711867'),
	('2030','Virginia','9825019'),
	('2030','Washington','8624801'),
	('2030','West Virginia','1719959'),
	('2030','Wisconsin','6150764'),
	('2030','Wyoming','522979');


-- ------------------------------------------------


COMMIT;
